--liquibase formatted sql

--changeset mpianello:1
CREATE TABLE matches (
	year        INTEGER PRIMARY KEY,
	day_of_year INTEGER NOT NULL CHECK (day_of_year BETWEEN 1 AND 366),
	id_equipo_1 INTEGER,
	id_equipo_2 INTEGER
);

--changeset mpianello:2
INSERT INTO matches (year, day_of_year) VALUES (1900, 60);
INSERT INTO matches (year, day_of_year) VALUES (1901, 140);
INSERT INTO matches (year, day_of_year) VALUES (1902, 323);
INSERT INTO matches (year, day_of_year) VALUES (1903, 256);
INSERT INTO matches (year, day_of_year) VALUES (1904, 121);
INSERT INTO matches (year, day_of_year) VALUES (1905, 45);
INSERT INTO matches (year, day_of_year) VALUES (1906, 2);
INSERT INTO matches (year, day_of_year) VALUES (1907, 27);
INSERT INTO matches (year, day_of_year) VALUES (1908, 341);
INSERT INTO matches (year, day_of_year) VALUES (1909, 18);
INSERT INTO matches (year, day_of_year) VALUES (1910, 160);
INSERT INTO matches (year, day_of_year) VALUES (1911, 170);
INSERT INTO matches (year, day_of_year) VALUES (1912, 83);
INSERT INTO matches (year, day_of_year) VALUES (1913, 178);
INSERT INTO matches (year, day_of_year) VALUES (1914, 67);
INSERT INTO matches (year, day_of_year) VALUES (1915, 69);
INSERT INTO matches (year, day_of_year) VALUES (1916, 222);
INSERT INTO matches (year, day_of_year) VALUES (1917, 301);
INSERT INTO matches (year, day_of_year) VALUES (1918, 13);
INSERT INTO matches (year, day_of_year) VALUES (1919, 29);
INSERT INTO matches (year, day_of_year) VALUES (1920, 10);
INSERT INTO matches (year, day_of_year) VALUES (1921, 221);
INSERT INTO matches (year, day_of_year) VALUES (1922, 14);
INSERT INTO matches (year, day_of_year) VALUES (1923, 87);
INSERT INTO matches (year, day_of_year) VALUES (1924, 99);
INSERT INTO matches (year, day_of_year) VALUES (1925, 45);
INSERT INTO matches (year, day_of_year) VALUES (1926, 100);
INSERT INTO matches (year, day_of_year) VALUES (1927, 363);
INSERT INTO matches (year, day_of_year) VALUES (1928, 212);
INSERT INTO matches (year, day_of_year) VALUES (1929, 15);
INSERT INTO matches (year, day_of_year) VALUES (1930, 16);
INSERT INTO matches (year, day_of_year) VALUES (1931, 13);
INSERT INTO matches (year, day_of_year) VALUES (1932, 67);
INSERT INTO matches (year, day_of_year) VALUES (1933, 227);
INSERT INTO matches (year, day_of_year) VALUES (1934, 260);
INSERT INTO matches (year, day_of_year) VALUES (1935, 92);
INSERT INTO matches (year, day_of_year) VALUES (1936, 102);
INSERT INTO matches (year, day_of_year) VALUES (1937, 199);
INSERT INTO matches (year, day_of_year) VALUES (1938, 97);
INSERT INTO matches (year, day_of_year) VALUES (1939, 96);
INSERT INTO matches (year, day_of_year) VALUES (1940, 146);
INSERT INTO matches (year, day_of_year) VALUES (1941, 59);
INSERT INTO matches (year, day_of_year) VALUES (1942, 139);
INSERT INTO matches (year, day_of_year) VALUES (1943, 145);
INSERT INTO matches (year, day_of_year) VALUES (1944, 1);
INSERT INTO matches (year, day_of_year) VALUES (1945, 350);
INSERT INTO matches (year, day_of_year) VALUES (1946, 136);
INSERT INTO matches (year, day_of_year) VALUES (1947, 118);
INSERT INTO matches (year, day_of_year) VALUES (1948, 4);
INSERT INTO matches (year, day_of_year) VALUES (1949, 76);
INSERT INTO matches (year, day_of_year) VALUES (1950, 40);
INSERT INTO matches (year, day_of_year) VALUES (1951, 309);
INSERT INTO matches (year, day_of_year) VALUES (1952, 324);
INSERT INTO matches (year, day_of_year) VALUES (1953, 155);
INSERT INTO matches (year, day_of_year) VALUES (1954, 233);
INSERT INTO matches (year, day_of_year) VALUES (1955, 18);
INSERT INTO matches (year, day_of_year) VALUES (1956, 175);
INSERT INTO matches (year, day_of_year) VALUES (1957, 62);
INSERT INTO matches (year, day_of_year) VALUES (1958, 59);
INSERT INTO matches (year, day_of_year) VALUES (1959, 214);
INSERT INTO matches (year, day_of_year) VALUES (1960, 366);
INSERT INTO matches (year, day_of_year) VALUES (1961, 104);
INSERT INTO matches (year, day_of_year) VALUES (1962, 364);
INSERT INTO matches (year, day_of_year) VALUES (1963, 106);
INSERT INTO matches (year, day_of_year) VALUES (1964, 208);
INSERT INTO matches (year, day_of_year) VALUES (1965, 219);
INSERT INTO matches (year, day_of_year) VALUES (1966, 251);
INSERT INTO matches (year, day_of_year) VALUES (1967, 286);
INSERT INTO matches (year, day_of_year) VALUES (1968, 165);
INSERT INTO matches (year, day_of_year) VALUES (1969, 222);
INSERT INTO matches (year, day_of_year) VALUES (1970, 129);
INSERT INTO matches (year, day_of_year) VALUES (1971, 34);
INSERT INTO matches (year, day_of_year) VALUES (1972, 253);
INSERT INTO matches (year, day_of_year) VALUES (1973, 358);
INSERT INTO matches (year, day_of_year) VALUES (1974, 186);
INSERT INTO matches (year, day_of_year) VALUES (1975, 1);
INSERT INTO matches (year, day_of_year) VALUES (1976, 73);
INSERT INTO matches (year, day_of_year) VALUES (1977, 298);
INSERT INTO matches (year, day_of_year) VALUES (1978, 87);
INSERT INTO matches (year, day_of_year) VALUES (1979, 230);
INSERT INTO matches (year, day_of_year) VALUES (1980, 194);
INSERT INTO matches (year, day_of_year) VALUES (1981, 233);
INSERT INTO matches (year, day_of_year) VALUES (1982, 311);
INSERT INTO matches (year, day_of_year) VALUES (1983, 162);
INSERT INTO matches (year, day_of_year) VALUES (1984, 53);
INSERT INTO matches (year, day_of_year) VALUES (1985, 203);
INSERT INTO matches (year, day_of_year) VALUES (1986, 40);
INSERT INTO matches (year, day_of_year) VALUES (1987, 94);
INSERT INTO matches (year, day_of_year) VALUES (1988, 51);
INSERT INTO matches (year, day_of_year) VALUES (1989, 45);
INSERT INTO matches (year, day_of_year) VALUES (1990, 359);
INSERT INTO matches (year, day_of_year) VALUES (1991, 254);
INSERT INTO matches (year, day_of_year) VALUES (1992, 135);
INSERT INTO matches (year, day_of_year) VALUES (1993, 226);
INSERT INTO matches (year, day_of_year) VALUES (1994, 216);
INSERT INTO matches (year, day_of_year) VALUES (1995, 104);
INSERT INTO matches (year, day_of_year) VALUES (1996, 51);
INSERT INTO matches (year, day_of_year) VALUES (1997, 12);
INSERT INTO matches (year, day_of_year) VALUES (1998, 212);
INSERT INTO matches (year, day_of_year) VALUES (1999, 327);
INSERT INTO matches (year, day_of_year) VALUES (2000, 266);
INSERT INTO matches (year, day_of_year) VALUES (2001, 193);
INSERT INTO matches (year, day_of_year) VALUES (2002, 17);
INSERT INTO matches (year, day_of_year) VALUES (2003, 365);
INSERT INTO matches (year, day_of_year) VALUES (2004, 299);
INSERT INTO matches (year, day_of_year) VALUES (2005, 81);
INSERT INTO matches (year, day_of_year) VALUES (2006, 59);
INSERT INTO matches (year, day_of_year) VALUES (2007, 262);
INSERT INTO matches (year, day_of_year) VALUES (2008, 19);
INSERT INTO matches (year, day_of_year) VALUES (2009, 111);
INSERT INTO matches (year, day_of_year) VALUES (2010, 121);
INSERT INTO matches (year, day_of_year) VALUES (2011, 103);
INSERT INTO matches (year, day_of_year) VALUES (2012, 35);
INSERT INTO matches (year, day_of_year) VALUES (2013, 169);
INSERT INTO matches (year, day_of_year) VALUES (2014, 198);
INSERT INTO matches (year, day_of_year) VALUES (2015, 49);
INSERT INTO matches (year, day_of_year) VALUES (2016, 241);
INSERT INTO matches (year, day_of_year) VALUES (2017, 210);
INSERT INTO matches (year, day_of_year) VALUES (2018, 187);

COMMIT;

--changeset grios:3
CREATE TABLE players (
	id   INTEGER PRIMARY KEY,
	name VARCHAR2(100) NOT NULL UNIQUE
);

--changeset grios:4
INSERT INTO players (id, name) VALUES (1, 'aguilar,francisco');
INSERT INTO players (id, name) VALUES (2, 'alarcón,salomón');
INSERT INTO players (id, name) VALUES (3, 'álvarez,medellín felipe');
INSERT INTO players (id, name) VALUES (4, 'rios,gaston');
INSERT INTO players (id, name) VALUES (5, 'gastan,victor');
INSERT INTO players (id, name) VALUES (6, 'camarena,alonso');
INSERT INTO players (id, name) VALUES (7, 'morelos,óscar');
INSERT INTO players (id, name) VALUES (8, 'camargo,alonso');
INSERT INTO players (id, name) VALUES (9, 'gaspar,alonso');
INSERT INTO players (id, name) VALUES (10, 'camarillo,alonso');
INSERT INTO players (id, name) VALUES (11, 'camau,alonso');
INSERT INTO players (id, name) VALUES (12, 'camberos,óscar');
INSERT INTO players (id, name) VALUES (13, 'cambray,óscar');
INSERT INTO players (id, name) VALUES (14, 'camino,óscar');
INSERT INTO players (id, name) VALUES (15, 'campa,óscar');
INSERT INTO players (id, name) VALUES (16, 'campillo,óscar');
INSERT INTO players (id, name) VALUES (17, 'teutli,rodrigo');
INSERT INTO players (id, name) VALUES (18, 'texeda,rodrigo');
INSERT INTO players (id, name) VALUES (19, 'teyes,rodrigo');
INSERT INTO players (id, name) VALUES (20, 'teyo,rodrigo');
INSERT INTO players (id, name) VALUES (21, 'thelles,rodrigo');
INSERT INTO players (id, name) VALUES (22, 'thobar,rodrigo');
INSERT INTO players (id, name) VALUES (23, 'thorres,rodrigo');
INSERT INTO players (id, name) VALUES (24, 'thovar,rodrigo');
INSERT INTO players (id, name) VALUES (25, 'tierra,rodrigo');
INSERT INTO players (id, name) VALUES (26, 'tierrablanca,rodrigo');
INSERT INTO players (id, name) VALUES (27, 'campirano,óscar');
INSERT INTO players (id, name) VALUES (28, 'campos,javier');
INSERT INTO players (id, name) VALUES (29, 'camposano,javier');
INSERT INTO players (id, name) VALUES (30, 'campusano,javier');
INSERT INTO players (id, name) VALUES (31, 'cana,óscar');
INSERT INTO players (id, name) VALUES (32, 'canal,óscar');
INSERT INTO players (id, name) VALUES (33, 'gandara,gustavo');
INSERT INTO players (id, name) VALUES (34, 'gaona,gustavo');
INSERT INTO players (id, name) VALUES (35, 'garambuyo,gustavo');
INSERT INTO players (id, name) VALUES (36, 'garate,gustavo');
INSERT INTO players (id, name) VALUES (37, 'garavito,gustavo');
INSERT INTO players (id, name) VALUES (38, 'garay,gustavo');
INSERT INTO players (id, name) VALUES (39, 'acosta,rodrigo');
INSERT INTO players (id, name) VALUES (40, 'garcia,alberto');
INSERT INTO players (id, name) VALUES (41, 'Bairn, Roberyl');
INSERT INTO players (id, name) VALUES (42, 'Foot, Mondtle');
INSERT INTO players (id, name) VALUES (43, 'Sandy, Adas');
INSERT INTO players (id, name) VALUES (44, 'Laspip, Mantatar');
INSERT INTO players (id, name) VALUES (45, 'Burrow, Fasgo');
INSERT INTO players (id, name) VALUES (46, 'Hard, Ponbert');
INSERT INTO players (id, name) VALUES (47, 'Horn, Roro');
INSERT INTO players (id, name) VALUES (48, 'Green, Wifro');
INSERT INTO players (id, name) VALUES (49, 'Shire, Nelmir');
INSERT INTO players (id, name) VALUES (50, 'gardea,alberto');
INSERT INTO players (id, name) VALUES (51, 'garduno,alberto');
INSERT INTO players (id, name) VALUES (52, 'garfias,alberto');
INSERT INTO players (id, name) VALUES (53, 'garia,alberto');
INSERT INTO players (id, name) VALUES (54, 'garibai,alberto');
INSERT INTO players (id, name) VALUES (55, 'garibaldo,alberto');
INSERT INTO players (id, name) VALUES (56, 'garibay,alberto');
INSERT INTO players (id, name) VALUES (57, 'pedrosa ,martin');
INSERT INTO players (id, name) VALUES (58, 'garivay,alberto');
INSERT INTO players (id, name) VALUES (59, 'garnica,alberto');
INSERT INTO players (id, name) VALUES (60, 'acosta,matias');
INSERT INTO players (id, name) VALUES (61, 'garrido,alberto');
INSERT INTO players (id, name) VALUES (62, 'garsa,alberto');
INSERT INTO players (id, name) VALUES (63, 'garsia,alberto');
INSERT INTO players (id, name) VALUES (64, 'garza,raúl');
INSERT INTO players (id, name) VALUES (65, 'acevedo,pablo');
INSERT INTO players (id, name) VALUES (66, 'teyo,maximo');
INSERT INTO players (id, name) VALUES (67, 'garzia,raúl');
INSERT INTO players (id, name) VALUES (68, 'gasca,raúl');
INSERT INTO players (id, name) VALUES (69, 'gascon,raúl');
INSERT INTO players (id, name) VALUES (70, 'gaspar,raúl');
INSERT INTO players (id, name) VALUES (71, 'gastan,raúl');
INSERT INTO players (id, name) VALUES (72, 'gatica,raúl');
INSERT INTO players (id, name) VALUES (73, 'álvarez, salvador');
INSERT INTO players (id, name) VALUES (74, 'gauna,alberto');
INSERT INTO players (id, name) VALUES (75, 'villalva,santiago');
INSERT INTO players (id, name) VALUES (76, 'villalvazo,salvador');
INSERT INTO players (id, name) VALUES (77, 'villamar,gabriel');
INSERT INTO players (id, name) VALUES (78, 'villami,gabriel');
INSERT INTO players (id, name) VALUES (79, 'villanueba,gabriel');
INSERT INTO players (id, name) VALUES (80, 'villapando,salvador');
INSERT INTO players (id, name) VALUES (81, 'moral,óscar');
INSERT INTO players (id, name) VALUES (82, 'morales,óscar');
INSERT INTO players (id, name) VALUES (83, 'morantes,óscar');
INSERT INTO players (id, name) VALUES (84, 'moras,óscar');
INSERT INTO players (id, name) VALUES (85, 'morelos,salvador');
INSERT INTO players (id, name) VALUES (86, 'moreno,óscar');
INSERT INTO players (id, name) VALUES (87, 'morentin,óscar');
INSERT INTO players (id, name) VALUES (88, 'patron,francisco');
INSERT INTO players (id, name) VALUES (89, 'paulin,lucas');
INSERT INTO players (id, name) VALUES (90, 'paura,lucas');
INSERT INTO players (id, name) VALUES (91, 'pavon,tomas');
INSERT INTO players (id, name) VALUES (92, 'paz,tomas        ');
INSERT INTO players (id, name) VALUES (93, 'alarcón,gerardo genaro');
INSERT INTO players (id, name) VALUES (94, 'pecina,tomas');
INSERT INTO players (id, name) VALUES (95, 'pedraza,tomas');
INSERT INTO players (id, name) VALUES (96, 'pedrosa,lucas');
INSERT INTO players (id, name) VALUES (97, 'morelos,tomas');
INSERT INTO players (id, name) VALUES (98, 'peeres,lucas');
INSERT INTO players (id, name) VALUES (99, 'aguilar,dorantes');
INSERT INTO players (id, name) VALUES (100, 'camarena,dorantes');

COMMIT;

--changeset mpianello:5
CREATE TABLE matches_played (
	id        INTEGER PRIMARY KEY,
	year      INTEGER,
	player_id INTEGER,
	team      VARCHAR2(20),

	CONSTRAINT unq_year_player UNIQUE (year, player_id)
);

--changeset mpianello:6
INSERT INTO matches_played VALUES (1, 1940, 60, 'Estrellas de America');
INSERT INTO matches_played VALUES (2, 1993, 29, 'Estrellas de Europa');
INSERT INTO matches_played VALUES (3, 1934, 53, 'Estrellas de Europa');
INSERT INTO matches_played VALUES (4, 1980, 28, 'Estrellas de Europa');
INSERT INTO matches_played VALUES (5, 1952, 17, 'Estrellas de America');
INSERT INTO matches_played VALUES (6, 1952, 38, 'Estrellas de Europa');
INSERT INTO matches_played VALUES (7, 1956, 94, 'Estrellas de America');
INSERT INTO matches_played VALUES (8, 2005, 75, 'Estrellas de America');
INSERT INTO matches_played VALUES (9, 1978, 24, 'Estrellas de America');
INSERT INTO matches_played VALUES (10, 1968, 75, 'Estrellas de Europa');
INSERT INTO matches_played VALUES (11, 1968, 61, 'Estrellas de Europa');
INSERT INTO matches_played VALUES (12, 1984, 12, 'Estrellas de Europa');
INSERT INTO matches_played VALUES (13, 1995, 73, 'Estrellas de Europa');
INSERT INTO matches_played VALUES (14, 2018, 41, 'Estrellas de Europa');
INSERT INTO matches_played VALUES (15, 1971, 59, 'Estrellas de Europa');
INSERT INTO matches_played VALUES (16, 2013, 91, 'Estrellas de Europa');
INSERT INTO matches_played VALUES (17, 1988, 15, 'Estrellas de Europa');
INSERT INTO matches_played VALUES (18, 1950, 78, 'Estrellas de America');
INSERT INTO matches_played VALUES (19, 1931, 1, 'Estrellas de Europa');
INSERT INTO matches_played VALUES (20, 1988, 77, 'Estrellas de Europa');
INSERT INTO matches_played VALUES (21, 1946, 73, 'Estrellas de America');
INSERT INTO matches_played VALUES (22, 1940, 74, 'Estrellas de America');
INSERT INTO matches_played VALUES (23, 1964, 83, 'Estrellas de Europa');
INSERT INTO matches_played VALUES (24, 1975, 14, 'Estrellas de America');
INSERT INTO matches_played VALUES (25, 1931, 79, 'Estrellas de America');
INSERT INTO matches_played VALUES (26, 1954, 44, 'Estrellas de America');
INSERT INTO matches_played VALUES (27, 1971, 90, 'Estrellas de America');
INSERT INTO matches_played VALUES (28, 1997, 82, 'Estrellas de America');
INSERT INTO matches_played VALUES (29, 2017, 37, 'Estrellas de America');
INSERT INTO matches_played VALUES (30, 2016, 94, 'Estrellas de America');
INSERT INTO matches_played VALUES (31, 2018, 8, 'Estrellas de America');
INSERT INTO matches_played VALUES (32, 1938, 34, 'Estrellas de Europa');
INSERT INTO matches_played VALUES (33, 1962, 7, 'Estrellas de America');
INSERT INTO matches_played VALUES (34, 1956, 41, 'Estrellas de Europa');
INSERT INTO matches_played VALUES (35, 1979, 72, 'Estrellas de Europa');
INSERT INTO matches_played VALUES (36, 1979, 13, 'Estrellas de America');
INSERT INTO matches_played VALUES (37, 1947, 52, 'Estrellas de Europa');
INSERT INTO matches_played VALUES (38, 2006, 77, 'Estrellas de Europa');
INSERT INTO matches_played VALUES (39, 2005, 41, 'Estrellas de Europa');
INSERT INTO matches_played VALUES (40, 1946, 49, 'Estrellas de America');
INSERT INTO matches_played VALUES (41, 1949, 33, 'Estrellas de Europa');
INSERT INTO matches_played VALUES (42, 1984, 6, 'Estrellas de Europa');
INSERT INTO matches_played VALUES (43, 2013, 71, 'Estrellas de Europa');
INSERT INTO matches_played VALUES (44, 2009, 16, 'Estrellas de America');
INSERT INTO matches_played VALUES (45, 1935, 88, 'Estrellas de Europa');
INSERT INTO matches_played VALUES (46, 1965, 90, 'Estrellas de Europa');
INSERT INTO matches_played VALUES (47, 1993, 19, 'Estrellas de America');
INSERT INTO matches_played VALUES (48, 1982, 81, 'Estrellas de Europa');
INSERT INTO matches_played VALUES (49, 2000, 45, 'Estrellas de America');
INSERT INTO matches_played VALUES (50, 1976, 20, 'Estrellas de Europa');
INSERT INTO matches_played VALUES (51, 1991, 97, 'Estrellas de America');
INSERT INTO matches_played VALUES (52, 2003, 8, 'Estrellas de Europa');
INSERT INTO matches_played VALUES (53, 1969, 17, 'Estrellas de America');
INSERT INTO matches_played VALUES (54, 1992, 3, 'Estrellas de America');
INSERT INTO matches_played VALUES (55, 1986, 15, 'Estrellas de America');
INSERT INTO matches_played VALUES (56, 1955, 8, 'Estrellas de Europa');
INSERT INTO matches_played VALUES (57, 1972, 78, 'Estrellas de America');
INSERT INTO matches_played VALUES (58, 1960, 11, 'Estrellas de Europa');
INSERT INTO matches_played VALUES (59, 1957, 80, 'Estrellas de Europa');
INSERT INTO matches_played VALUES (60, 2010, 89, 'Estrellas de Europa');
INSERT INTO matches_played VALUES (61, 1948, 50, 'Estrellas de Europa');
INSERT INTO matches_played VALUES (62, 1951, 43, 'Estrellas de America');
INSERT INTO matches_played VALUES (63, 1974, 26, 'Estrellas de America');
INSERT INTO matches_played VALUES (64, 1946, 25, 'Estrellas de America');
INSERT INTO matches_played VALUES (65, 1949, 56, 'Estrellas de Europa');
INSERT INTO matches_played VALUES (66, 1952, 34, 'Estrellas de America');
INSERT INTO matches_played VALUES (67, 1990, 34, 'Estrellas de America');
INSERT INTO matches_played VALUES (68, 1935, 59, 'Estrellas de Europa');
INSERT INTO matches_played VALUES (69, 1960, 18, 'Estrellas de America');
INSERT INTO matches_played VALUES (70, 1987, 57, 'Estrellas de America');
INSERT INTO matches_played VALUES (71, 1936, 99, 'Estrellas de America');
INSERT INTO matches_played VALUES (72, 1984, 51, 'Estrellas de America');
INSERT INTO matches_played VALUES (73, 2004, 9, 'Estrellas de America');
INSERT INTO matches_played VALUES (74, 1987, 53, 'Estrellas de America');
INSERT INTO matches_played VALUES (75, 1955, 32, 'Estrellas de America');
INSERT INTO matches_played VALUES (76, 1932, 13, 'Estrellas de America');
INSERT INTO matches_played VALUES (77, 1992, 65, 'Estrellas de America');
INSERT INTO matches_played VALUES (78, 2015, 76, 'Estrellas de Europa');
INSERT INTO matches_played VALUES (79, 1946, 8, 'Estrellas de Europa');
INSERT INTO matches_played VALUES (80, 2005, 36, 'Estrellas de America');
INSERT INTO matches_played VALUES (81, 1940, 53, 'Estrellas de Europa');
INSERT INTO matches_played VALUES (82, 1956, 90, 'Estrellas de Europa');
INSERT INTO matches_played VALUES (83, 1946, 55, 'Estrellas de America');
INSERT INTO matches_played VALUES (84, 1956, 82, 'Estrellas de Europa');
INSERT INTO matches_played VALUES (85, 1947, 8, 'Estrellas de America');
INSERT INTO matches_played VALUES (86, 1955, 3, 'Estrellas de Europa');
INSERT INTO matches_played VALUES (87, 1943, 92, 'Estrellas de America');
INSERT INTO matches_played VALUES (88, 1960, 50, 'Estrellas de America');
INSERT INTO matches_played VALUES (89, 1943, 32, 'Estrellas de America');
INSERT INTO matches_played VALUES (90, 1936, 20, 'Estrellas de Europa');
INSERT INTO matches_played VALUES (91, 1947, 70, 'Estrellas de America');
INSERT INTO matches_played VALUES (92, 1951, 57, 'Estrellas de America');
INSERT INTO matches_played VALUES (93, 2010, 39, 'Estrellas de America');
INSERT INTO matches_played VALUES (94, 1971, 60, 'Estrellas de America');
INSERT INTO matches_played VALUES (95, 2008, 93, 'Estrellas de Europa');
INSERT INTO matches_played VALUES (96, 1984, 16, 'Estrellas de America');
INSERT INTO matches_played VALUES (97, 1945, 45, 'Estrellas de Europa');
INSERT INTO matches_played VALUES (98, 1961, 69, 'Estrellas de Europa');
INSERT INTO matches_played VALUES (99, 1985, 85, 'Estrellas de America');
INSERT INTO matches_played VALUES (100, 1980, 14, 'Estrellas de America');
INSERT INTO matches_played VALUES (101, 2005, 49, 'Estrellas de Europa');
INSERT INTO matches_played VALUES (102, 1964, 84, 'Estrellas de Europa');
INSERT INTO matches_played VALUES (103, 1974, 92, 'Estrellas de America');
INSERT INTO matches_played VALUES (104, 1952, 61, 'Estrellas de Europa');
INSERT INTO matches_played VALUES (105, 1993, 27, 'Estrellas de America');
INSERT INTO matches_played VALUES (106, 2018, 69, 'Estrellas de Europa');
INSERT INTO matches_played VALUES (107, 2002, 13, 'Estrellas de America');
INSERT INTO matches_played VALUES (108, 2015, 16, 'Estrellas de Europa');
INSERT INTO matches_played VALUES (109, 1952, 58, 'Estrellas de Europa');
INSERT INTO matches_played VALUES (110, 1940, 5, 'Estrellas de America');
INSERT INTO matches_played VALUES (111, 1941, 47, 'Estrellas de America');
INSERT INTO matches_played VALUES (112, 2004, 89, 'Estrellas de Europa');
INSERT INTO matches_played VALUES (113, 1982, 19, 'Estrellas de America');
INSERT INTO matches_played VALUES (114, 1935, 62, 'Estrellas de Europa');
INSERT INTO matches_played VALUES (115, 2002, 18, 'Estrellas de Europa');
INSERT INTO matches_played VALUES (116, 1966, 3, 'Estrellas de America');
INSERT INTO matches_played VALUES (117, 1979, 100, 'Estrellas de America');
INSERT INTO matches_played VALUES (118, 1968, 36, 'Estrellas de Europa');
INSERT INTO matches_played VALUES (119, 2007, 49, 'Estrellas de America');
INSERT INTO matches_played VALUES (120, 2014, 34, 'Estrellas de Europa');
INSERT INTO matches_played VALUES (121, 1946, 72, 'Estrellas de America');
INSERT INTO matches_played VALUES (122, 1961, 38, 'Estrellas de Europa');
INSERT INTO matches_played VALUES (123, 1975, 26, 'Estrellas de Europa');
INSERT INTO matches_played VALUES (124, 1971, 61, 'Estrellas de America');
INSERT INTO matches_played VALUES (125, 1948, 47, 'Estrellas de America');
INSERT INTO matches_played VALUES (126, 1998, 98, 'Estrellas de Europa');
INSERT INTO matches_played VALUES (127, 1952, 41, 'Estrellas de Europa');
INSERT INTO matches_played VALUES (128, 1936, 79, 'Estrellas de America');
INSERT INTO matches_played VALUES (129, 1993, 59, 'Estrellas de America');
INSERT INTO matches_played VALUES (130, 2012, 22, 'Estrellas de America');
INSERT INTO matches_played VALUES (131, 1988, 97, 'Estrellas de America');
INSERT INTO matches_played VALUES (132, 1986, 81, 'Estrellas de Europa');
INSERT INTO matches_played VALUES (133, 2015, 86, 'Estrellas de Europa');
INSERT INTO matches_played VALUES (134, 1976, 30, 'Estrellas de Europa');
INSERT INTO matches_played VALUES (135, 1973, 79, 'Estrellas de Europa');
INSERT INTO matches_played VALUES (136, 2005, 97, 'Estrellas de America');
INSERT INTO matches_played VALUES (137, 1974, 79, 'Estrellas de Europa');
INSERT INTO matches_played VALUES (138, 2009, 87, 'Estrellas de America');
INSERT INTO matches_played VALUES (139, 1946, 28, 'Estrellas de America');
INSERT INTO matches_played VALUES (140, 1978, 86, 'Estrellas de Europa');
INSERT INTO matches_played VALUES (141, 2011, 82, 'Estrellas de Europa');
INSERT INTO matches_played VALUES (142, 1938, 99, 'Estrellas de America');
INSERT INTO matches_played VALUES (143, 1985, 7, 'Estrellas de Europa');
INSERT INTO matches_played VALUES (144, 1991, 42, 'Estrellas de America');
INSERT INTO matches_played VALUES (145, 2014, 15, 'Estrellas de America');
INSERT INTO matches_played VALUES (146, 1993, 76, 'Estrellas de Europa');
INSERT INTO matches_played VALUES (147, 1985, 40, 'Estrellas de America');
INSERT INTO matches_played VALUES (148, 1968, 43, 'Estrellas de America');
INSERT INTO matches_played VALUES (149, 1978, 79, 'Estrellas de Europa');
INSERT INTO matches_played VALUES (150, 2015, 58, 'Estrellas de Europa');
INSERT INTO matches_played VALUES (151, 2004, 15, 'Estrellas de Europa');
INSERT INTO matches_played VALUES (152, 1951, 36, 'Estrellas de America');
INSERT INTO matches_played VALUES (153, 2008, 4, 'Estrellas de Europa');
INSERT INTO matches_played VALUES (154, 1996, 20, 'Estrellas de America');
INSERT INTO matches_played VALUES (155, 1937, 10, 'Estrellas de America');
INSERT INTO matches_played VALUES (156, 1999, 48, 'Estrellas de America');
INSERT INTO matches_played VALUES (157, 1949, 67, 'Estrellas de Europa');
INSERT INTO matches_played VALUES (158, 1958, 5, 'Estrellas de Europa');
INSERT INTO matches_played VALUES (159, 1966, 66, 'Estrellas de America');
INSERT INTO matches_played VALUES (160, 2012, 88, 'Estrellas de America');
INSERT INTO matches_played VALUES (161, 1955, 45, 'Estrellas de Europa');
INSERT INTO matches_played VALUES (162, 1999, 64, 'Estrellas de America');
INSERT INTO matches_played VALUES (163, 2000, 83, 'Estrellas de Europa');
INSERT INTO matches_played VALUES (164, 1965, 63, 'Estrellas de America');
INSERT INTO matches_played VALUES (165, 1959, 28, 'Estrellas de America');
INSERT INTO matches_played VALUES (166, 1940, 18, 'Estrellas de Europa');
INSERT INTO matches_played VALUES (167, 2011, 61, 'Estrellas de America');
INSERT INTO matches_played VALUES (168, 1948, 6, 'Estrellas de Europa');
INSERT INTO matches_played VALUES (169, 1968, 81, 'Estrellas de America');
INSERT INTO matches_played VALUES (170, 1964, 55, 'Estrellas de Europa');
INSERT INTO matches_played VALUES (171, 1999, 62, 'Estrellas de Europa');
INSERT INTO matches_played VALUES (172, 2017, 79, 'Estrellas de America');
INSERT INTO matches_played VALUES (173, 2017, 90, 'Estrellas de Europa');
INSERT INTO matches_played VALUES (174, 1957, 50, 'Estrellas de Europa');
INSERT INTO matches_played VALUES (175, 1997, 88, 'Estrellas de America');
INSERT INTO matches_played VALUES (176, 1933, 64, 'Estrellas de America');
INSERT INTO matches_played VALUES (177, 1978, 43, 'Estrellas de America');
INSERT INTO matches_played VALUES (178, 1957, 45, 'Estrellas de Europa');
INSERT INTO matches_played VALUES (179, 2006, 14, 'Estrellas de America');
INSERT INTO matches_played VALUES (180, 1942, 96, 'Estrellas de America');
INSERT INTO matches_played VALUES (181, 2010, 11, 'Estrellas de America');
INSERT INTO matches_played VALUES (182, 1972, 50, 'Estrellas de America');
INSERT INTO matches_played VALUES (183, 1941, 61, 'Estrellas de Europa');
INSERT INTO matches_played VALUES (184, 2005, 23, 'Estrellas de America');
INSERT INTO matches_played VALUES (185, 1949, 87, 'Estrellas de Europa');
INSERT INTO matches_played VALUES (186, 1987, 20, 'Estrellas de Europa');
INSERT INTO matches_played VALUES (187, 1974, 72, 'Estrellas de America');
INSERT INTO matches_played VALUES (188, 1981, 77, 'Estrellas de Europa');
INSERT INTO matches_played VALUES (189, 1939, 20, 'Estrellas de Europa');
INSERT INTO matches_played VALUES (190, 1971, 94, 'Estrellas de Europa');
INSERT INTO matches_played VALUES (191, 1969, 56, 'Estrellas de Europa');
INSERT INTO matches_played VALUES (192, 1947, 58, 'Estrellas de Europa');
INSERT INTO matches_played VALUES (193, 1947, 96, 'Estrellas de America');
INSERT INTO matches_played VALUES (194, 1979, 4, 'Estrellas de Europa');
INSERT INTO matches_played VALUES (195, 1966, 2, 'Estrellas de America');
INSERT INTO matches_played VALUES (196, 1930, 14, 'Estrellas de America');
INSERT INTO matches_played VALUES (197, 1950, 12, 'Estrellas de America');
INSERT INTO matches_played VALUES (198, 1978, 32, 'Estrellas de Europa');
INSERT INTO matches_played VALUES (199, 1983, 76, 'Estrellas de Europa');
INSERT INTO matches_played VALUES (200, 1989, 61, 'Estrellas de America');
INSERT INTO matches_played VALUES (201, 1934, 92, 'Estrellas de Europa');
INSERT INTO matches_played VALUES (202, 1962, 91, 'Estrellas de Europa');
INSERT INTO matches_played VALUES (203, 1935, 19, 'Estrellas de Europa');
INSERT INTO matches_played VALUES (204, 1980, 68, 'Estrellas de America');
INSERT INTO matches_played VALUES (205, 1932, 52, 'Estrellas de America');
INSERT INTO matches_played VALUES (206, 1930, 39, 'Estrellas de Europa');
INSERT INTO matches_played VALUES (207, 1958, 14, 'Estrellas de America');
INSERT INTO matches_played VALUES (208, 1968, 28, 'Estrellas de America');
INSERT INTO matches_played VALUES (209, 1933, 22, 'Estrellas de Europa');
INSERT INTO matches_played VALUES (210, 1988, 66, 'Estrellas de Europa');
INSERT INTO matches_played VALUES (211, 1999, 52, 'Estrellas de America');
INSERT INTO matches_played VALUES (212, 1989, 28, 'Estrellas de Europa');
INSERT INTO matches_played VALUES (213, 2011, 14, 'Estrellas de Europa');
INSERT INTO matches_played VALUES (214, 1935, 22, 'Estrellas de America');
INSERT INTO matches_played VALUES (215, 1955, 46, 'Estrellas de Europa');
INSERT INTO matches_played VALUES (216, 1956, 72, 'Estrellas de Europa');
INSERT INTO matches_played VALUES (217, 2003, 37, 'Estrellas de America');
INSERT INTO matches_played VALUES (218, 1975, 99, 'Estrellas de America');
INSERT INTO matches_played VALUES (219, 1978, 18, 'Estrellas de Europa');
INSERT INTO matches_played VALUES (220, 1946, 95, 'Estrellas de America');
INSERT INTO matches_played VALUES (221, 1980, 98, 'Estrellas de Europa');
INSERT INTO matches_played VALUES (222, 2018, 6, 'Estrellas de America');
INSERT INTO matches_played VALUES (223, 1983, 51, 'Estrellas de Europa');
INSERT INTO matches_played VALUES (224, 1982, 76, 'Estrellas de America');
INSERT INTO matches_played VALUES (225, 1932, 91, 'Estrellas de Europa');
INSERT INTO matches_played VALUES (226, 1957, 39, 'Estrellas de America');
INSERT INTO matches_played VALUES (227, 1947, 51, 'Estrellas de Europa');
INSERT INTO matches_played VALUES (228, 2010, 50, 'Estrellas de Europa');
INSERT INTO matches_played VALUES (229, 1953, 3, 'Estrellas de Europa');
INSERT INTO matches_played VALUES (230, 2010, 100, 'Estrellas de Europa');
INSERT INTO matches_played VALUES (231, 1931, 40, 'Estrellas de Europa');
INSERT INTO matches_played VALUES (232, 1987, 95, 'Estrellas de Europa');
INSERT INTO matches_played VALUES (233, 1985, 81, 'Estrellas de Europa');
INSERT INTO matches_played VALUES (234, 2005, 59, 'Estrellas de Europa');
INSERT INTO matches_played VALUES (235, 2004, 6, 'Estrellas de America');
INSERT INTO matches_played VALUES (236, 1967, 14, 'Estrellas de America');
INSERT INTO matches_played VALUES (237, 1973, 99, 'Estrellas de America');
INSERT INTO matches_played VALUES (238, 1955, 75, 'Estrellas de Europa');
INSERT INTO matches_played VALUES (239, 1948, 52, 'Estrellas de America');
INSERT INTO matches_played VALUES (240, 2007, 95, 'Estrellas de America');
INSERT INTO matches_played VALUES (241, 1995, 40, 'Estrellas de Europa');
INSERT INTO matches_played VALUES (242, 2001, 20, 'Estrellas de America');
INSERT INTO matches_played VALUES (243, 2008, 75, 'Estrellas de Europa');
INSERT INTO matches_played VALUES (244, 1988, 78, 'Estrellas de America');
INSERT INTO matches_played VALUES (245, 1930, 76, 'Estrellas de Europa');
INSERT INTO matches_played VALUES (246, 1987, 58, 'Estrellas de America');
INSERT INTO matches_played VALUES (247, 1996, 24, 'Estrellas de Europa');
INSERT INTO matches_played VALUES (248, 1944, 84, 'Estrellas de America');
INSERT INTO matches_played VALUES (249, 1989, 59, 'Estrellas de America');
INSERT INTO matches_played VALUES (250, 1995, 29, 'Estrellas de America');
INSERT INTO matches_played VALUES (251, 1959, 43, 'Estrellas de America');
INSERT INTO matches_played VALUES (252, 1934, 6, 'Estrellas de Europa');
INSERT INTO matches_played VALUES (253, 1943, 18, 'Estrellas de Europa');
INSERT INTO matches_played VALUES (254, 1993, 44, 'Estrellas de America');
INSERT INTO matches_played VALUES (255, 1991, 5, 'Estrellas de America');
INSERT INTO matches_played VALUES (256, 2005, 82, 'Estrellas de Europa');
INSERT INTO matches_played VALUES (257, 1944, 61, 'Estrellas de America');
INSERT INTO matches_played VALUES (258, 1998, 74, 'Estrellas de Europa');
INSERT INTO matches_played VALUES (259, 1942, 21, 'Estrellas de Europa');
INSERT INTO matches_played VALUES (260, 1991, 27, 'Estrellas de Europa');
INSERT INTO matches_played VALUES (261, 1942, 14, 'Estrellas de Europa');
INSERT INTO matches_played VALUES (262, 1994, 90, 'Estrellas de Europa');
INSERT INTO matches_played VALUES (263, 1931, 17, 'Estrellas de America');
INSERT INTO matches_played VALUES (264, 1998, 26, 'Estrellas de Europa');
INSERT INTO matches_played VALUES (265, 1943, 21, 'Estrellas de Europa');
INSERT INTO matches_played VALUES (266, 2012, 30, 'Estrellas de America');
INSERT INTO matches_played VALUES (267, 2009, 99, 'Estrellas de Europa');
INSERT INTO matches_played VALUES (268, 1943, 53, 'Estrellas de America');
INSERT INTO matches_played VALUES (269, 1938, 32, 'Estrellas de Europa');
INSERT INTO matches_played VALUES (270, 2006, 15, 'Estrellas de Europa');
INSERT INTO matches_played VALUES (271, 2012, 43, 'Estrellas de America');
INSERT INTO matches_played VALUES (272, 1999, 100, 'Estrellas de America');
INSERT INTO matches_played VALUES (273, 1969, 96, 'Estrellas de America');
INSERT INTO matches_played VALUES (274, 1980, 69, 'Estrellas de Europa');
INSERT INTO matches_played VALUES (275, 1940, 48, 'Estrellas de America');
INSERT INTO matches_played VALUES (276, 2012, 26, 'Estrellas de Europa');
INSERT INTO matches_played VALUES (277, 1956, 16, 'Estrellas de America');
INSERT INTO matches_played VALUES (278, 1990, 75, 'Estrellas de Europa');
INSERT INTO matches_played VALUES (279, 1955, 41, 'Estrellas de Europa');
INSERT INTO matches_played VALUES (280, 1967, 34, 'Estrellas de America');
INSERT INTO matches_played VALUES (281, 2003, 94, 'Estrellas de America');
INSERT INTO matches_played VALUES (282, 1986, 88, 'Estrellas de America');
INSERT INTO matches_played VALUES (283, 1970, 28, 'Estrellas de Europa');
INSERT INTO matches_played VALUES (284, 1954, 32, 'Estrellas de Europa');
INSERT INTO matches_played VALUES (285, 1985, 67, 'Estrellas de Europa');
INSERT INTO matches_played VALUES (286, 1956, 43, 'Estrellas de America');
INSERT INTO matches_played VALUES (287, 1975, 31, 'Estrellas de Europa');
INSERT INTO matches_played VALUES (288, 1987, 80, 'Estrellas de Europa');
INSERT INTO matches_played VALUES (289, 1989, 29, 'Estrellas de America');
INSERT INTO matches_played VALUES (290, 1996, 17, 'Estrellas de Europa');
INSERT INTO matches_played VALUES (291, 1984, 93, 'Estrellas de America');
INSERT INTO matches_played VALUES (292, 1994, 65, 'Estrellas de America');
INSERT INTO matches_played VALUES (293, 1933, 24, 'Estrellas de America');
INSERT INTO matches_played VALUES (294, 1980, 41, 'Estrellas de America');
INSERT INTO matches_played VALUES (295, 1944, 7, 'Estrellas de Europa');
INSERT INTO matches_played VALUES (296, 2002, 4, 'Estrellas de Europa');
INSERT INTO matches_played VALUES (297, 2011, 38, 'Estrellas de America');
INSERT INTO matches_played VALUES (298, 1944, 43, 'Estrellas de Europa');
INSERT INTO matches_played VALUES (299, 1930, 9, 'Estrellas de America');
INSERT INTO matches_played VALUES (300, 2001, 10, 'Estrellas de America');
INSERT INTO matches_played VALUES (301, 1997, 29, 'Estrellas de America');
INSERT INTO matches_played VALUES (302, 1990, 6, 'Estrellas de America');
INSERT INTO matches_played VALUES (303, 1942, 97, 'Estrellas de America');
INSERT INTO matches_played VALUES (304, 2015, 75, 'Estrellas de America');
INSERT INTO matches_played VALUES (305, 1978, 48, 'Estrellas de America');
INSERT INTO matches_played VALUES (306, 1997, 8, 'Estrellas de America');
INSERT INTO matches_played VALUES (307, 2011, 17, 'Estrellas de America');
INSERT INTO matches_played VALUES (308, 1997, 57, 'Estrellas de America');
INSERT INTO matches_played VALUES (309, 1936, 2, 'Estrellas de Europa');
INSERT INTO matches_played VALUES (310, 1936, 73, 'Estrellas de Europa');
INSERT INTO matches_played VALUES (311, 2004, 60, 'Estrellas de America');
INSERT INTO matches_played VALUES (312, 1990, 73, 'Estrellas de Europa');
INSERT INTO matches_played VALUES (313, 1939, 29, 'Estrellas de Europa');
INSERT INTO matches_played VALUES (314, 1950, 76, 'Estrellas de Europa');
INSERT INTO matches_played VALUES (315, 1966, 86, 'Estrellas de Europa');
INSERT INTO matches_played VALUES (316, 1939, 73, 'Estrellas de Europa');
INSERT INTO matches_played VALUES (317, 1985, 79, 'Estrellas de America');
INSERT INTO matches_played VALUES (318, 1932, 90, 'Estrellas de America');
INSERT INTO matches_played VALUES (319, 2012, 65, 'Estrellas de Europa');
INSERT INTO matches_played VALUES (320, 1945, 99, 'Estrellas de America');
INSERT INTO matches_played VALUES (321, 2009, 68, 'Estrellas de America');
INSERT INTO matches_played VALUES (322, 1998, 47, 'Estrellas de Europa');
INSERT INTO matches_played VALUES (323, 1994, 36, 'Estrellas de America');
INSERT INTO matches_played VALUES (324, 1958, 60, 'Estrellas de America');
INSERT INTO matches_played VALUES (325, 1969, 98, 'Estrellas de Europa');
INSERT INTO matches_played VALUES (326, 1993, 13, 'Estrellas de Europa');
INSERT INTO matches_played VALUES (327, 1931, 100, 'Estrellas de America');
INSERT INTO matches_played VALUES (328, 1937, 66, 'Estrellas de America');
INSERT INTO matches_played VALUES (329, 1977, 94, 'Estrellas de America');
INSERT INTO matches_played VALUES (330, 1985, 44, 'Estrellas de America');
INSERT INTO matches_played VALUES (331, 1996, 16, 'Estrellas de Europa');
INSERT INTO matches_played VALUES (332, 2005, 12, 'Estrellas de America');
INSERT INTO matches_played VALUES (333, 1974, 3, 'Estrellas de America');
INSERT INTO matches_played VALUES (334, 1991, 51, 'Estrellas de America');
INSERT INTO matches_played VALUES (335, 1956, 51, 'Estrellas de America');
INSERT INTO matches_played VALUES (336, 1933, 52, 'Estrellas de Europa');
INSERT INTO matches_played VALUES (337, 1961, 70, 'Estrellas de America');
INSERT INTO matches_played VALUES (338, 1989, 14, 'Estrellas de Europa');
INSERT INTO matches_played VALUES (339, 1937, 95, 'Estrellas de America');
INSERT INTO matches_played VALUES (340, 2002, 40, 'Estrellas de America');
INSERT INTO matches_played VALUES (341, 1958, 1, 'Estrellas de America');
INSERT INTO matches_played VALUES (342, 1955, 33, 'Estrellas de America');
INSERT INTO matches_played VALUES (343, 1986, 36, 'Estrellas de America');
INSERT INTO matches_played VALUES (344, 1969, 42, 'Estrellas de America');
INSERT INTO matches_played VALUES (345, 1993, 25, 'Estrellas de Europa');
INSERT INTO matches_played VALUES (346, 1977, 47, 'Estrellas de Europa');
INSERT INTO matches_played VALUES (347, 2003, 54, 'Estrellas de America');
INSERT INTO matches_played VALUES (348, 1958, 31, 'Estrellas de Europa');
INSERT INTO matches_played VALUES (349, 1943, 91, 'Estrellas de America');
INSERT INTO matches_played VALUES (350, 2005, 42, 'Estrellas de Europa');
INSERT INTO matches_played VALUES (351, 1961, 87, 'Estrellas de America');
INSERT INTO matches_played VALUES (352, 1991, 81, 'Estrellas de America');
INSERT INTO matches_played VALUES (353, 1946, 14, 'Estrellas de Europa');
INSERT INTO matches_played VALUES (354, 1944, 31, 'Estrellas de America');
INSERT INTO matches_played VALUES (355, 1932, 65, 'Estrellas de Europa');
INSERT INTO matches_played VALUES (356, 1942, 68, 'Estrellas de Europa');
INSERT INTO matches_played VALUES (357, 1987, 2, 'Estrellas de America');
INSERT INTO matches_played VALUES (358, 1934, 63, 'Estrellas de Europa');
INSERT INTO matches_played VALUES (359, 1999, 50, 'Estrellas de Europa');
INSERT INTO matches_played VALUES (360, 1993, 2, 'Estrellas de Europa');
INSERT INTO matches_played VALUES (361, 1968, 14, 'Estrellas de America');
INSERT INTO matches_played VALUES (362, 1954, 59, 'Estrellas de Europa');
INSERT INTO matches_played VALUES (363, 1937, 47, 'Estrellas de Europa');
INSERT INTO matches_played VALUES (364, 1987, 71, 'Estrellas de Europa');
INSERT INTO matches_played VALUES (365, 2015, 73, 'Estrellas de America');
INSERT INTO matches_played VALUES (366, 2006, 85, 'Estrellas de America');
INSERT INTO matches_played VALUES (367, 1939, 82, 'Estrellas de Europa');
INSERT INTO matches_played VALUES (368, 1968, 9, 'Estrellas de America');
INSERT INTO matches_played VALUES (369, 1984, 18, 'Estrellas de Europa');
INSERT INTO matches_played VALUES (370, 2004, 84, 'Estrellas de America');
INSERT INTO matches_played VALUES (371, 2013, 35, 'Estrellas de Europa');
INSERT INTO matches_played VALUES (372, 1960, 36, 'Estrellas de Europa');
INSERT INTO matches_played VALUES (373, 2005, 39, 'Estrellas de America');
INSERT INTO matches_played VALUES (374, 1982, 94, 'Estrellas de America');
INSERT INTO matches_played VALUES (375, 1996, 88, 'Estrellas de Europa');
INSERT INTO matches_played VALUES (376, 1947, 93, 'Estrellas de Europa');
INSERT INTO matches_played VALUES (377, 1944, 18, 'Estrellas de Europa');
INSERT INTO matches_played VALUES (378, 1937, 64, 'Estrellas de America');
INSERT INTO matches_played VALUES (379, 2003, 53, 'Estrellas de Europa');
INSERT INTO matches_played VALUES (380, 1933, 73, 'Estrellas de Europa');
INSERT INTO matches_played VALUES (381, 1999, 60, 'Estrellas de America');
INSERT INTO matches_played VALUES (382, 1930, 30, 'Estrellas de America');
INSERT INTO matches_played VALUES (383, 1980, 82, 'Estrellas de Europa');
INSERT INTO matches_played VALUES (384, 1940, 1, 'Estrellas de America');
INSERT INTO matches_played VALUES (385, 1960, 64, 'Estrellas de Europa');
INSERT INTO matches_played VALUES (386, 2011, 74, 'Estrellas de Europa');
INSERT INTO matches_played VALUES (387, 1960, 67, 'Estrellas de Europa');
INSERT INTO matches_played VALUES (388, 1995, 47, 'Estrellas de America');
INSERT INTO matches_played VALUES (389, 1976, 88, 'Estrellas de America');
INSERT INTO matches_played VALUES (390, 1963, 62, 'Estrellas de America');
INSERT INTO matches_played VALUES (391, 1984, 34, 'Estrellas de Europa');
INSERT INTO matches_played VALUES (392, 1951, 62, 'Estrellas de America');
INSERT INTO matches_played VALUES (393, 1969, 29, 'Estrellas de America');
INSERT INTO matches_played VALUES (394, 1931, 15, 'Estrellas de America');
INSERT INTO matches_played VALUES (395, 2007, 12, 'Estrellas de Europa');
INSERT INTO matches_played VALUES (396, 2002, 43, 'Estrellas de Europa');
INSERT INTO matches_played VALUES (397, 2014, 86, 'Estrellas de Europa');
INSERT INTO matches_played VALUES (398, 1946, 69, 'Estrellas de Europa');
INSERT INTO matches_played VALUES (399, 1978, 91, 'Estrellas de Europa');
INSERT INTO matches_played VALUES (400, 1993, 15, 'Estrellas de America');
INSERT INTO matches_played VALUES (401, 1979, 95, 'Estrellas de America');
INSERT INTO matches_played VALUES (402, 1954, 66, 'Estrellas de America');
INSERT INTO matches_played VALUES (403, 1947, 10, 'Estrellas de America');
INSERT INTO matches_played VALUES (404, 1960, 42, 'Estrellas de America');
INSERT INTO matches_played VALUES (405, 1991, 25, 'Estrellas de Europa');
INSERT INTO matches_played VALUES (406, 1953, 100, 'Estrellas de Europa');
INSERT INTO matches_played VALUES (407, 1971, 75, 'Estrellas de Europa');
INSERT INTO matches_played VALUES (408, 1976, 93, 'Estrellas de America');
INSERT INTO matches_played VALUES (409, 1989, 79, 'Estrellas de Europa');
INSERT INTO matches_played VALUES (410, 1960, 91, 'Estrellas de Europa');
INSERT INTO matches_played VALUES (411, 1952, 85, 'Estrellas de Europa');
INSERT INTO matches_played VALUES (412, 1991, 56, 'Estrellas de Europa');
INSERT INTO matches_played VALUES (413, 1934, 100, 'Estrellas de Europa');
INSERT INTO matches_played VALUES (414, 1936, 54, 'Estrellas de Europa');
INSERT INTO matches_played VALUES (415, 1937, 5, 'Estrellas de Europa');
INSERT INTO matches_played VALUES (416, 1968, 40, 'Estrellas de Europa');
INSERT INTO matches_played VALUES (417, 1991, 84, 'Estrellas de Europa');
INSERT INTO matches_played VALUES (418, 1944, 23, 'Estrellas de America');
INSERT INTO matches_played VALUES (419, 1992, 62, 'Estrellas de America');
INSERT INTO matches_played VALUES (420, 1958, 22, 'Estrellas de Europa');
INSERT INTO matches_played VALUES (421, 1999, 42, 'Estrellas de America');
INSERT INTO matches_played VALUES (422, 2010, 94, 'Estrellas de America');
INSERT INTO matches_played VALUES (423, 1980, 52, 'Estrellas de Europa');
INSERT INTO matches_played VALUES (424, 1994, 14, 'Estrellas de Europa');
INSERT INTO matches_played VALUES (425, 1949, 98, 'Estrellas de Europa');
INSERT INTO matches_played VALUES (426, 2000, 19, 'Estrellas de Europa');
INSERT INTO matches_played VALUES (427, 1936, 80, 'Estrellas de America');
INSERT INTO matches_played VALUES (428, 1944, 47, 'Estrellas de America');
INSERT INTO matches_played VALUES (429, 1949, 26, 'Estrellas de Europa');
INSERT INTO matches_played VALUES (430, 2010, 28, 'Estrellas de Europa');
INSERT INTO matches_played VALUES (431, 1936, 45, 'Estrellas de Europa');
INSERT INTO matches_played VALUES (432, 1992, 94, 'Estrellas de Europa');
INSERT INTO matches_played VALUES (433, 1958, 57, 'Estrellas de America');
INSERT INTO matches_played VALUES (434, 1967, 13, 'Estrellas de Europa');
INSERT INTO matches_played VALUES (435, 2013, 18, 'Estrellas de America');
INSERT INTO matches_played VALUES (436, 1972, 2, 'Estrellas de Europa');
INSERT INTO matches_played VALUES (437, 1960, 53, 'Estrellas de America');
INSERT INTO matches_played VALUES (438, 1982, 66, 'Estrellas de America');
INSERT INTO matches_played VALUES (439, 1992, 31, 'Estrellas de America');
INSERT INTO matches_played VALUES (440, 1963, 60, 'Estrellas de America');
INSERT INTO matches_played VALUES (441, 1956, 26, 'Estrellas de America');
INSERT INTO matches_played VALUES (442, 1962, 5, 'Estrellas de Europa');
INSERT INTO matches_played VALUES (443, 1985, 47, 'Estrellas de Europa');
INSERT INTO matches_played VALUES (444, 1990, 98, 'Estrellas de America');
INSERT INTO matches_played VALUES (445, 2007, 74, 'Estrellas de Europa');
INSERT INTO matches_played VALUES (446, 1960, 23, 'Estrellas de Europa');
INSERT INTO matches_played VALUES (447, 1947, 28, 'Estrellas de America');
INSERT INTO matches_played VALUES (448, 1951, 18, 'Estrellas de America');
INSERT INTO matches_played VALUES (449, 1968, 26, 'Estrellas de America');
INSERT INTO matches_played VALUES (450, 2010, 7, 'Estrellas de America');
INSERT INTO matches_played VALUES (451, 1981, 95, 'Estrellas de America');
INSERT INTO matches_played VALUES (452, 1987, 66, 'Estrellas de Europa');
INSERT INTO matches_played VALUES (453, 1960, 34, 'Estrellas de America');
INSERT INTO matches_played VALUES (454, 1947, 39, 'Estrellas de America');
INSERT INTO matches_played VALUES (455, 1933, 45, 'Estrellas de America');
INSERT INTO matches_played VALUES (456, 1972, 79, 'Estrellas de America');
INSERT INTO matches_played VALUES (457, 1997, 25, 'Estrellas de America');
INSERT INTO matches_played VALUES (458, 2012, 72, 'Estrellas de America');
INSERT INTO matches_played VALUES (459, 2006, 5, 'Estrellas de America');
INSERT INTO matches_played VALUES (460, 1930, 46, 'Estrellas de Europa');
INSERT INTO matches_played VALUES (461, 2004, 29, 'Estrellas de Europa');
INSERT INTO matches_played VALUES (462, 1992, 41, 'Estrellas de America');
INSERT INTO matches_played VALUES (463, 2007, 96, 'Estrellas de Europa');
INSERT INTO matches_played VALUES (464, 1942, 42, 'Estrellas de America');
INSERT INTO matches_played VALUES (465, 1979, 28, 'Estrellas de America');
INSERT INTO matches_played VALUES (466, 2014, 94, 'Estrellas de America');
INSERT INTO matches_played VALUES (467, 1933, 77, 'Estrellas de America');
INSERT INTO matches_played VALUES (468, 1935, 45, 'Estrellas de America');
INSERT INTO matches_played VALUES (469, 1987, 30, 'Estrellas de America');
INSERT INTO matches_played VALUES (470, 2006, 53, 'Estrellas de America');
INSERT INTO matches_played VALUES (471, 1943, 39, 'Estrellas de America');
INSERT INTO matches_played VALUES (472, 1946, 89, 'Estrellas de Europa');
INSERT INTO matches_played VALUES (473, 1965, 54, 'Estrellas de America');
INSERT INTO matches_played VALUES (474, 2003, 96, 'Estrellas de Europa');
INSERT INTO matches_played VALUES (475, 1964, 64, 'Estrellas de America');
INSERT INTO matches_played VALUES (476, 1982, 98, 'Estrellas de America');
INSERT INTO matches_played VALUES (477, 2003, 82, 'Estrellas de America');
INSERT INTO matches_played VALUES (478, 1933, 70, 'Estrellas de America');
INSERT INTO matches_played VALUES (479, 1955, 49, 'Estrellas de America');
INSERT INTO matches_played VALUES (480, 1997, 77, 'Estrellas de Europa');
INSERT INTO matches_played VALUES (481, 1989, 53, 'Estrellas de America');
INSERT INTO matches_played VALUES (482, 1952, 33, 'Estrellas de Europa');
INSERT INTO matches_played VALUES (483, 1959, 79, 'Estrellas de Europa');
INSERT INTO matches_played VALUES (484, 2000, 76, 'Estrellas de Europa');
INSERT INTO matches_played VALUES (485, 1931, 75, 'Estrellas de America');
INSERT INTO matches_played VALUES (486, 2010, 64, 'Estrellas de America');
INSERT INTO matches_played VALUES (487, 1960, 51, 'Estrellas de Europa');
INSERT INTO matches_played VALUES (488, 2015, 80, 'Estrellas de Europa');
INSERT INTO matches_played VALUES (489, 1973, 66, 'Estrellas de Europa');
INSERT INTO matches_played VALUES (490, 1953, 28, 'Estrellas de Europa');
INSERT INTO matches_played VALUES (491, 2010, 69, 'Estrellas de Europa');
INSERT INTO matches_played VALUES (492, 1987, 50, 'Estrellas de Europa');
INSERT INTO matches_played VALUES (493, 1990, 99, 'Estrellas de America');
INSERT INTO matches_played VALUES (494, 1951, 35, 'Estrellas de America');
INSERT INTO matches_played VALUES (495, 1960, 14, 'Estrellas de Europa');
INSERT INTO matches_played VALUES (496, 2015, 96, 'Estrellas de Europa');
INSERT INTO matches_played VALUES (497, 1964, 54, 'Estrellas de Europa');
INSERT INTO matches_played VALUES (498, 1983, 31, 'Estrellas de Europa');
INSERT INTO matches_played VALUES (499, 1976, 15, 'Estrellas de America');
INSERT INTO matches_played VALUES (500, 2007, 2, 'Estrellas de Europa');
INSERT INTO matches_played VALUES (501, 2003, 30, 'Estrellas de Europa');
INSERT INTO matches_played VALUES (502, 1979, 84, 'Estrellas de Europa');
INSERT INTO matches_played VALUES (503, 1983, 52, 'Estrellas de America');
INSERT INTO matches_played VALUES (504, 1992, 28, 'Estrellas de Europa');
INSERT INTO matches_played VALUES (505, 1932, 40, 'Estrellas de Europa');
INSERT INTO matches_played VALUES (506, 1969, 20, 'Estrellas de America');
INSERT INTO matches_played VALUES (507, 1965, 89, 'Estrellas de America');
INSERT INTO matches_played VALUES (508, 1946, 78, 'Estrellas de America');
INSERT INTO matches_played VALUES (509, 1955, 70, 'Estrellas de America');
INSERT INTO matches_played VALUES (510, 1940, 100, 'Estrellas de America');
INSERT INTO matches_played VALUES (511, 1979, 61, 'Estrellas de America');
INSERT INTO matches_played VALUES (512, 2016, 10, 'Estrellas de Europa');
INSERT INTO matches_played VALUES (513, 1955, 82, 'Estrellas de Europa');
INSERT INTO matches_played VALUES (514, 1998, 85, 'Estrellas de Europa');
INSERT INTO matches_played VALUES (515, 1974, 73, 'Estrellas de America');
INSERT INTO matches_played VALUES (516, 2005, 28, 'Estrellas de Europa');
INSERT INTO matches_played VALUES (517, 1986, 79, 'Estrellas de Europa');
INSERT INTO matches_played VALUES (518, 1978, 100, 'Estrellas de America');
INSERT INTO matches_played VALUES (519, 1958, 74, 'Estrellas de Europa');
INSERT INTO matches_played VALUES (520, 2016, 31, 'Estrellas de Europa');
INSERT INTO matches_played VALUES (521, 1977, 3, 'Estrellas de America');
INSERT INTO matches_played VALUES (522, 2004, 96, 'Estrellas de America');
INSERT INTO matches_played VALUES (523, 1990, 4, 'Estrellas de Europa');
INSERT INTO matches_played VALUES (524, 2009, 84, 'Estrellas de Europa');
INSERT INTO matches_played VALUES (525, 1946, 10, 'Estrellas de Europa');
INSERT INTO matches_played VALUES (526, 1967, 86, 'Estrellas de America');
INSERT INTO matches_played VALUES (527, 1957, 79, 'Estrellas de Europa');
INSERT INTO matches_played VALUES (528, 2003, 38, 'Estrellas de America');
INSERT INTO matches_played VALUES (529, 2016, 82, 'Estrellas de Europa');
INSERT INTO matches_played VALUES (530, 1962, 86, 'Estrellas de Europa');
INSERT INTO matches_played VALUES (531, 1962, 98, 'Estrellas de America');
INSERT INTO matches_played VALUES (532, 2016, 85, 'Estrellas de America');
INSERT INTO matches_played VALUES (533, 1995, 69, 'Estrellas de Europa');
INSERT INTO matches_played VALUES (534, 1997, 15, 'Estrellas de Europa');
INSERT INTO matches_played VALUES (535, 1968, 22, 'Estrellas de America');
INSERT INTO matches_played VALUES (536, 1930, 59, 'Estrellas de Europa');
INSERT INTO matches_played VALUES (537, 1969, 31, 'Estrellas de Europa');
INSERT INTO matches_played VALUES (538, 2012, 9, 'Estrellas de Europa');
INSERT INTO matches_played VALUES (539, 1971, 52, 'Estrellas de Europa');
INSERT INTO matches_played VALUES (540, 2012, 89, 'Estrellas de America');
INSERT INTO matches_played VALUES (541, 1951, 8, 'Estrellas de Europa');
INSERT INTO matches_played VALUES (542, 1988, 100, 'Estrellas de America');
INSERT INTO matches_played VALUES (543, 1990, 83, 'Estrellas de America');
INSERT INTO matches_played VALUES (544, 1934, 21, 'Estrellas de Europa');
INSERT INTO matches_played VALUES (545, 2017, 22, 'Estrellas de Europa');
INSERT INTO matches_played VALUES (546, 1989, 38, 'Estrellas de Europa');
INSERT INTO matches_played VALUES (547, 1997, 26, 'Estrellas de America');
INSERT INTO matches_played VALUES (548, 1950, 11, 'Estrellas de America');
INSERT INTO matches_played VALUES (549, 2006, 41, 'Estrellas de Europa');
INSERT INTO matches_played VALUES (550, 1956, 100, 'Estrellas de Europa');
INSERT INTO matches_played VALUES (551, 1966, 76, 'Estrellas de Europa');
INSERT INTO matches_played VALUES (552, 1959, 18, 'Estrellas de America');
INSERT INTO matches_played VALUES (553, 1959, 16, 'Estrellas de America');
INSERT INTO matches_played VALUES (554, 1940, 2, 'Estrellas de Europa');
INSERT INTO matches_played VALUES (555, 2013, 61, 'Estrellas de Europa');
INSERT INTO matches_played VALUES (556, 1955, 16, 'Estrellas de Europa');
INSERT INTO matches_played VALUES (557, 1989, 36, 'Estrellas de Europa');
INSERT INTO matches_played VALUES (558, 1979, 15, 'Estrellas de Europa');
INSERT INTO matches_played VALUES (559, 1945, 85, 'Estrellas de Europa');
INSERT INTO matches_played VALUES (560, 1931, 16, 'Estrellas de America');
INSERT INTO matches_played VALUES (561, 2006, 91, 'Estrellas de America');
INSERT INTO matches_played VALUES (562, 1968, 95, 'Estrellas de America');
INSERT INTO matches_played VALUES (563, 2011, 18, 'Estrellas de Europa');
INSERT INTO matches_played VALUES (564, 2005, 30, 'Estrellas de Europa');
INSERT INTO matches_played VALUES (565, 2013, 15, 'Estrellas de America');
INSERT INTO matches_played VALUES (566, 2002, 79, 'Estrellas de America');
INSERT INTO matches_played VALUES (567, 2006, 84, 'Estrellas de America');
INSERT INTO matches_played VALUES (568, 1938, 69, 'Estrellas de America');
INSERT INTO matches_played VALUES (569, 2017, 29, 'Estrellas de Europa');
INSERT INTO matches_played VALUES (570, 1979, 67, 'Estrellas de Europa');
INSERT INTO matches_played VALUES (571, 1997, 40, 'Estrellas de Europa');
INSERT INTO matches_played VALUES (572, 1930, 1, 'Estrellas de Europa');
INSERT INTO matches_played VALUES (573, 1949, 36, 'Estrellas de America');
INSERT INTO matches_played VALUES (574, 2006, 95, 'Estrellas de Europa');
INSERT INTO matches_played VALUES (575, 2000, 40, 'Estrellas de America');
INSERT INTO matches_played VALUES (576, 1954, 57, 'Estrellas de America');
INSERT INTO matches_played VALUES (577, 1933, 50, 'Estrellas de America');
INSERT INTO matches_played VALUES (578, 1946, 1, 'Estrellas de America');
INSERT INTO matches_played VALUES (579, 1945, 52, 'Estrellas de America');
INSERT INTO matches_played VALUES (580, 1988, 53, 'Estrellas de America');
INSERT INTO matches_played VALUES (581, 1992, 97, 'Estrellas de Europa');
INSERT INTO matches_played VALUES (582, 2003, 22, 'Estrellas de Europa');
INSERT INTO matches_played VALUES (583, 1963, 39, 'Estrellas de Europa');
INSERT INTO matches_played VALUES (584, 2003, 77, 'Estrellas de America');
INSERT INTO matches_played VALUES (585, 1982, 35, 'Estrellas de Europa');
INSERT INTO matches_played VALUES (586, 1988, 91, 'Estrellas de Europa');
INSERT INTO matches_played VALUES (587, 1976, 99, 'Estrellas de Europa');
INSERT INTO matches_played VALUES (588, 1968, 80, 'Estrellas de America');
INSERT INTO matches_played VALUES (589, 1990, 71, 'Estrellas de America');
INSERT INTO matches_played VALUES (590, 1934, 1, 'Estrellas de Europa');
INSERT INTO matches_played VALUES (591, 1942, 33, 'Estrellas de America');
INSERT INTO matches_played VALUES (592, 1968, 53, 'Estrellas de America');
INSERT INTO matches_played VALUES (593, 2017, 75, 'Estrellas de Europa');
INSERT INTO matches_played VALUES (594, 1981, 44, 'Estrellas de America');
INSERT INTO matches_played VALUES (595, 2008, 64, 'Estrellas de Europa');
INSERT INTO matches_played VALUES (596, 1961, 40, 'Estrellas de America');
INSERT INTO matches_played VALUES (597, 1960, 86, 'Estrellas de America');
INSERT INTO matches_played VALUES (598, 1964, 30, 'Estrellas de Europa');
INSERT INTO matches_played VALUES (599, 1949, 17, 'Estrellas de Europa');
INSERT INTO matches_played VALUES (600, 1943, 78, 'Estrellas de Europa');

COMMIT;